{"cameraMode":{"drawMode":0,"name":"Shaded","section":"Shading Mode"},"sceneLighting":true,"audioPlay":false,"sceneViewState":{"m_AlwaysRefresh":false,"showFog":true,"showSkybox":true,"showFlares":true,"showImageEffects":true,"showParticleSystems":true,"showVisualEffectGraphs":true,"m_FxEnabled":true},"in2DMode":false,"pivot":{"x":3.033320426940918,"y":1.7896320819854737,"z":7.939185619354248},"rotation":{"x":-0.011203257367014885,"y":0.9676936864852905,"z":-0.043568529188632968,"w":-0.24819591641426087},"size":0.8433823585510254,"orthographic":true}