{"cameraMode":{"drawMode":0,"name":"Shaded","section":"Shading Mode"},"sceneLighting":true,"audioPlay":false,"sceneViewState":{"m_AlwaysRefresh":false,"showFog":true,"showSkybox":true,"showFlares":true,"showImageEffects":true,"showParticleSystems":true,"showVisualEffectGraphs":true,"m_FxEnabled":true},"in2DMode":false,"pivot":{"x":1.7202261686325074,"y":1.2495964765548707,"z":6.082472324371338},"rotation":{"x":-0.03551105037331581,"y":0.8147308230400086,"z":-0.05016535520553589,"w":-0.576598584651947},"size":0.6309350728988648,"orthographic":true}